Image path,Hash
03693Дерево в тумане - Copy (2).jpg,d0161f171f0f4edc
03693Дерево в тумане - Copy (3).jpg,d0161f171f0f4edc
03693Дерево в тумане - Copy (4).jpg,d0161f171f0f4edc
03693Дерево в тумане - Copy.jpg,d0161f171f0f4edc
03693Дерево в тумане.jpg,d0161f171f0f4edc
0_69c97_b1d52f5_orig - Copy (2).png,0f1f17133b0f0f0c
0_69c97_b1d52f5_orig - Copy (3).png,0f1f17133b0f0f0c
0_69c97_b1d52f5_orig - Copy (4).png,0f1f17133b0f0f0c
0_69c97_b1d52f5_orig - Copy.png,0f1f17133b0f0f0c
0_69c97_b1d52f5_orig.png,0f1f17133b0f0f0c
0_ac5df_31a707fd_XL - Copy (2).png,f8e00e8ebc301010
0_ac5df_31a707fd_XL - Copy (3).png,f8e00e8ebc301010
0_ac5df_31a707fd_XL - Copy (4).png,f8e00e8ebc301010
0_ac5df_31a707fd_XL - Copy.png,f8e00e8ebc301010
0_ac5df_31a707fd_XL.png,f8e00e8ebc301010
1296798857_tree-vector - Copy (2).jpg,1e1f37331f1e0e04
1296798857_tree-vector - Copy (3).jpg,1e1f37331f1e0e04
1296798857_tree-vector - Copy (4).jpg,1e1f37331f1e0e04
1296798857_tree-vector - Copy.jpg,1e1f37331f1e0e04
1296798857_tree-vector.jpg,1e1f37331f1e0e04
1367001104_1274576031 - Copy (2).jpg,00000c0e3f370f80
1367001104_1274576031 - Copy (3).jpg,00000c0e3f370f80
1367001104_1274576031 - Copy (4).jpg,00000c0e3f370f80
1367001104_1274576031 - Copy.jpg,00000c0e3f370f80
1367001104_1274576031.jpg,00000c0e3f370f80
275px-Kapok_tree_Honolulu - Copy (2).jpg,197978c8c6d7d7b1
275px-Kapok_tree_Honolulu - Copy (3).jpg,197978c8c6d7d7b1
275px-Kapok_tree_Honolulu - Copy (4).jpg,197978c8c6d7d7b1
275px-Kapok_tree_Honolulu - Copy.jpg,197978c8c6d7d7b1
275px-Kapok_tree_Honolulu.jpg,197978c8c6d7d7b1
3719120 - Copy (2).png,c8e0860ebcf0f0d4
3719120 - Copy (3).png,c8e0860ebcf0f0d4
3719120 - Copy (4).png,c8e0860ebcf0f0d4
3719120 - Copy.png,c8e0860ebcf0f0d4
3719120.png,c8e0860ebcf0f0d4
4234234 - Copy (2).jpg,0c0f0f0f0f070a2a
4234234 - Copy (3).jpg,0c0f0f0f0f070a2a
4234234 - Copy (4).jpg,0c0f0f0f0f070a2a
4234234 - Copy.jpg,0c0f0f0f0f070a2a
4234234.jpg,0c0f0f0f0f070a2a
bloodwood-tree-6 - Copy (2).jpg,e00637dc5f4d2637
bloodwood-tree-6 - Copy (3).jpg,e00637dc5f4d2637
bloodwood-tree-6 - Copy (4).jpg,e00637dc5f4d2637
bloodwood-tree-6 - Copy.jpg,e00637dc5f4d2637
bloodwood-tree-6.jpg,e00637dc5f4d2637
buk_tree_01 - Copy (2).jpg,0c0f0703130b0fa4
buk_tree_01 - Copy (3).jpg,0c0f0703130b0fa4
buk_tree_01 - Copy (4).jpg,0c0f0703130b0fa4
buk_tree_01 - Copy.jpg,0c0f0703130b0fa4
buk_tree_01.jpg,0c0f0703130b0fa4
chelovek1 - Copy (10) - Copy.jpg,ed8fcf0f2d0c0c0f
chelovek1 - Copy (10).jpg,ed8fcf0f2d0c0c0f
chelovek1 - Copy (100) - Copy.jpg,ed8fcf0f2d0c0c0f
chelovek1 - Copy (101) - Copy.jpg,ed8fcf0f2d0c0c0f
chelovek1 - Copy (102) - Copy.jpg,ed8fcf0f2d0c0c0f
chelovek1 - Copy (103) - Copy.jpg,ed8fcf0f2d0c0c0f
chelovek1 - Copy (104) - Copy.jpg,ed8fcf0f2d0c0c0f
chelovek1 - Copy (105) - Copy.jpg,ed8fcf0f2d0c0c0f
chelovek1 - Copy (11) - Copy.jpg,ed8fcf0f2d0c0c0f
chelovek1 - Copy (11).jpg,ed8fcf0f2d0c0c0f
chelovek1 - Copy (12) - Copy.jpg,ed8fcf0f2d0c0c0f
chelovek1 - Copy (12).jpg,ed8fcf0f2d0c0c0f
chelovek1 - Copy (13) - Copy.jpg,ed8fcf0f2d0c0c0f
chelovek1 - Copy (13).jpg,ed8fcf0f2d0c0c0f
chelovek1 - Copy (14) - Copy.jpg,ed8fcf0f2d0c0c0f
chelovek1 - Copy (14).jpg,ed8fcf0f2d0c0c0f
chelovek1 - Copy (15) - Copy.jpg,ed8fcf0f2d0c0c0f
chelovek1 - Copy (15).jpg,ed8fcf0f2d0c0c0f
chelovek1 - Copy (16) - Copy.jpg,ed8fcf0f2d0c0c0f
chelovek1 - Copy (16).jpg,ed8fcf0f2d0c0c0f
chelovek1 - Copy (17) - Copy.jpg,ed8fcf0f2d0c0c0f
chelovek1 - Copy (17).jpg,ed8fcf0f2d0c0c0f
chelovek1 - Copy (18) - Copy.jpg,ed8fcf0f2d0c0c0f
chelovek1 - Copy (18).jpg,ed8fcf0f2d0c0c0f
chelovek1 - Copy (19) - Copy.jpg,ed8fcf0f2d0c0c0f
chelovek1 - Copy (19).jpg,ed8fcf0f2d0c0c0f
chelovek1 - Copy (2) - Copy.jpg,ed8fcf0f2d0c0c0f
chelovek1 - Copy (2).jpg,ed8fcf0f2d0c0c0f
chelovek1 - Copy (20) - Copy.jpg,ed8fcf0f2d0c0c0f
chelovek1 - Copy (20).jpg,ed8fcf0f2d0c0c0f
chelovek1 - Copy (21) - Copy.jpg,ed8fcf0f2d0c0c0f
chelovek1 - Copy (21).jpg,ed8fcf0f2d0c0c0f
chelovek1 - Copy (22) - Copy.jpg,ed8fcf0f2d0c0c0f
chelovek1 - Copy (22).jpg,ed8fcf0f2d0c0c0f
chelovek1 - Copy (23) - Copy.jpg,ed8fcf0f2d0c0c0f
chelovek1 - Copy (23).jpg,ed8fcf0f2d0c0c0f
chelovek1 - Copy (24) - Copy.jpg,ed8fcf0f2d0c0c0f
chelovek1 - Copy (24).jpg,ed8fcf0f2d0c0c0f
chelovek1 - Copy (25) - Copy.jpg,ed8fcf0f2d0c0c0f
chelovek1 - Copy (25).jpg,ed8fcf0f2d0c0c0f
chelovek1 - Copy (26) - Copy.jpg,ed8fcf0f2d0c0c0f
chelovek1 - Copy (26).jpg,ed8fcf0f2d0c0c0f
chelovek1 - Copy (27) - Copy.jpg,ed8fcf0f2d0c0c0f
chelovek1 - Copy (27).jpg,ed8fcf0f2d0c0c0f
chelovek1 - Copy (28) - Copy.jpg,ed8fcf0f2d0c0c0f
chelovek1 - Copy (28).jpg,ed8fcf0f2d0c0c0f
chelovek1 - Copy (29) - Copy.jpg,ed8fcf0f2d0c0c0f
chelovek1 - Copy (29).jpg,ed8fcf0f2d0c0c0f
chelovek1 - Copy (3) - Copy.jpg,ed8fcf0f2d0c0c0f
chelovek1 - Copy (3).jpg,ed8fcf0f2d0c0c0f
chelovek1 - Copy (30) - Copy.jpg,ed8fcf0f2d0c0c0f
chelovek1 - Copy (30).jpg,ed8fcf0f2d0c0c0f
chelovek1 - Copy (31) - Copy.jpg,ed8fcf0f2d0c0c0f
chelovek1 - Copy (31).jpg,ed8fcf0f2d0c0c0f
chelovek1 - Copy (32) - Copy.jpg,ed8fcf0f2d0c0c0f
chelovek1 - Copy (33) - Copy.jpg,ed8fcf0f2d0c0c0f
chelovek1 - Copy (34) - Copy.jpg,ed8fcf0f2d0c0c0f
chelovek1 - Copy (35) - Copy.jpg,ed8fcf0f2d0c0c0f
chelovek1 - Copy (36) - Copy.jpg,ed8fcf0f2d0c0c0f
chelovek1 - Copy (37) - Copy.jpg,ed8fcf0f2d0c0c0f
chelovek1 - Copy (38) - Copy.jpg,ed8fcf0f2d0c0c0f
chelovek1 - Copy (39) - Copy.jpg,ed8fcf0f2d0c0c0f
chelovek1 - Copy (4) - Copy.jpg,ed8fcf0f2d0c0c0f
chelovek1 - Copy (4).jpg,ed8fcf0f2d0c0c0f
chelovek1 - Copy (40) - Copy.jpg,ed8fcf0f2d0c0c0f
chelovek1 - Copy (41) - Copy.jpg,ed8fcf0f2d0c0c0f
chelovek1 - Copy (42) - Copy.jpg,ed8fcf0f2d0c0c0f
chelovek1 - Copy (43) - Copy.jpg,ed8fcf0f2d0c0c0f
chelovek1 - Copy (44) - Copy.jpg,ed8fcf0f2d0c0c0f
chelovek1 - Copy (45) - Copy.jpg,ed8fcf0f2d0c0c0f
chelovek1 - Copy (46) - Copy.jpg,ed8fcf0f2d0c0c0f
chelovek1 - Copy (47) - Copy.jpg,ed8fcf0f2d0c0c0f
chelovek1 - Copy (48) - Copy.jpg,ed8fcf0f2d0c0c0f
chelovek1 - Copy (49) - Copy.jpg,ed8fcf0f2d0c0c0f
chelovek1 - Copy (5) - Copy.jpg,ed8fcf0f2d0c0c0f
chelovek1 - Copy (5).jpg,ed8fcf0f2d0c0c0f
chelovek1 - Copy (50) - Copy.jpg,ed8fcf0f2d0c0c0f
chelovek1 - Copy (51) - Copy.jpg,ed8fcf0f2d0c0c0f
chelovek1 - Copy (52) - Copy.jpg,ed8fcf0f2d0c0c0f
chelovek1 - Copy (53) - Copy.jpg,ed8fcf0f2d0c0c0f
chelovek1 - Copy (54) - Copy.jpg,ed8fcf0f2d0c0c0f
chelovek1 - Copy (55) - Copy.jpg,ed8fcf0f2d0c0c0f
chelovek1 - Copy (56) - Copy.jpg,ed8fcf0f2d0c0c0f
chelovek1 - Copy (57) - Copy.jpg,ed8fcf0f2d0c0c0f
chelovek1 - Copy (58) - Copy.jpg,ed8fcf0f2d0c0c0f
chelovek1 - Copy (59) - Copy.jpg,ed8fcf0f2d0c0c0f
chelovek1 - Copy (6) - Copy.jpg,ed8fcf0f2d0c0c0f
chelovek1 - Copy (6).jpg,ed8fcf0f2d0c0c0f
chelovek1 - Copy (60) - Copy.jpg,ed8fcf0f2d0c0c0f
chelovek1 - Copy (61) - Copy.jpg,ed8fcf0f2d0c0c0f
chelovek1 - Copy (62) - Copy.jpg,ed8fcf0f2d0c0c0f
chelovek1 - Copy (63) - Copy.jpg,ed8fcf0f2d0c0c0f
chelovek1 - Copy (64) - Copy.jpg,ed8fcf0f2d0c0c0f
chelovek1 - Copy (65) - Copy.jpg,ed8fcf0f2d0c0c0f
chelovek1 - Copy (66) - Copy.jpg,ed8fcf0f2d0c0c0f
chelovek1 - Copy (67) - Copy.jpg,ed8fcf0f2d0c0c0f
chelovek1 - Copy (68) - Copy.jpg,ed8fcf0f2d0c0c0f
chelovek1 - Copy (69) - Copy.jpg,ed8fcf0f2d0c0c0f
chelovek1 - Copy (7) - Copy.jpg,ed8fcf0f2d0c0c0f
chelovek1 - Copy (7).jpg,ed8fcf0f2d0c0c0f
chelovek1 - Copy (70) - Copy.jpg,ed8fcf0f2d0c0c0f
chelovek1 - Copy (71) - Copy.jpg,ed8fcf0f2d0c0c0f
chelovek1 - Copy (72) - Copy.jpg,ed8fcf0f2d0c0c0f
chelovek1 - Copy (73) - Copy.jpg,ed8fcf0f2d0c0c0f
chelovek1 - Copy (74) - Copy.jpg,ed8fcf0f2d0c0c0f
chelovek1 - Copy (75) - Copy.jpg,ed8fcf0f2d0c0c0f
chelovek1 - Copy (76) - Copy.jpg,ed8fcf0f2d0c0c0f
chelovek1 - Copy (77) - Copy.jpg,ed8fcf0f2d0c0c0f
chelovek1 - Copy (78) - Copy.jpg,ed8fcf0f2d0c0c0f
chelovek1 - Copy (79) - Copy.jpg,ed8fcf0f2d0c0c0f
chelovek1 - Copy (8) - Copy.jpg,ed8fcf0f2d0c0c0f
chelovek1 - Copy (8).jpg,ed8fcf0f2d0c0c0f
chelovek1 - Copy (80) - Copy.jpg,ed8fcf0f2d0c0c0f
chelovek1 - Copy (81) - Copy.jpg,ed8fcf0f2d0c0c0f
chelovek1 - Copy (82) - Copy.jpg,ed8fcf0f2d0c0c0f
chelovek1 - Copy (83) - Copy.jpg,ed8fcf0f2d0c0c0f
chelovek1 - Copy (84) - Copy.jpg,ed8fcf0f2d0c0c0f
chelovek1 - Copy (85) - Copy.jpg,ed8fcf0f2d0c0c0f
chelovek1 - Copy (86) - Copy.jpg,ed8fcf0f2d0c0c0f
chelovek1 - Copy (87) - Copy.jpg,ed8fcf0f2d0c0c0f
chelovek1 - Copy (88) - Copy.jpg,ed8fcf0f2d0c0c0f
chelovek1 - Copy (89) - Copy.jpg,ed8fcf0f2d0c0c0f
chelovek1 - Copy (9) - Copy.jpg,ed8fcf0f2d0c0c0f
chelovek1 - Copy (9).jpg,ed8fcf0f2d0c0c0f
chelovek1 - Copy (90) - Copy.jpg,ed8fcf0f2d0c0c0f
chelovek1 - Copy (91) - Copy.jpg,ed8fcf0f2d0c0c0f
chelovek1 - Copy (92) - Copy.jpg,ed8fcf0f2d0c0c0f
chelovek1 - Copy (93) - Copy.jpg,ed8fcf0f2d0c0c0f
chelovek1 - Copy (94) - Copy.jpg,ed8fcf0f2d0c0c0f
chelovek1 - Copy (95) - Copy.jpg,ed8fcf0f2d0c0c0f
chelovek1 - Copy (96) - Copy.jpg,ed8fcf0f2d0c0c0f
chelovek1 - Copy (97) - Copy.jpg,ed8fcf0f2d0c0c0f
chelovek1 - Copy (98) - Copy.jpg,ed8fcf0f2d0c0c0f
chelovek1 - Copy (99) - Copy.jpg,ed8fcf0f2d0c0c0f
chelovek1 - Copy - Copy (2).jpg,ed8fcf0f2d0c0c0f
chelovek1 - Copy - Copy (3).jpg,ed8fcf0f2d0c0c0f
chelovek1 - Copy - Copy (4).jpg,ed8fcf0f2d0c0c0f
chelovek1 - Copy - Copy.jpg,ed8fcf0f2d0c0c0f
chelovek1 - Copy.jpg,ed8fcf0f2d0c0c0f
chelovek1.jpg,ed8fcf0f2d0c0c0f
depositphotos_22041775-Tree-character-cartoon - Copy (2).jpg,1f1b3f270f0f0e16
depositphotos_22041775-Tree-character-cartoon - Copy (3).jpg,1f1b3f270f0f0e16
depositphotos_22041775-Tree-character-cartoon - Copy (4).jpg,1f1b3f270f0f0e16
depositphotos_22041775-Tree-character-cartoon - Copy.jpg,1f1b3f270f0f0e16
depositphotos_22041775-Tree-character-cartoon.jpg,1f1b3f270f0f0e16
depositphotos_5209939-Spring-tree-green-with-birds-for-your-design - Copy (2).jpg,0f0f0f2f0f1f1e1f
depositphotos_5209939-Spring-tree-green-with-birds-for-your-design - Copy (3).jpg,0f0f0f2f0f1f1e1f
depositphotos_5209939-Spring-tree-green-with-birds-for-your-design - Copy (4).jpg,0f0f0f2f0f1f1e1f
depositphotos_5209939-Spring-tree-green-with-birds-for-your-design - Copy.jpg,0f0f0f2f0f1f1e1f
depositphotos_5209939-Spring-tree-green-with-birds-for-your-design.jpg,0f0f0f2f0f1f1e1f
derevo - Copy (2).jpg,0f17051913070f1f
derevo - Copy (3).jpg,0f17051913070f1f
derevo - Copy (4).jpg,0f17051913070f1f
derevo - Copy.jpg,0f17051913070f1f
derevo-sosna - Copy (2).jpg,0f0f07070fcb2829
derevo-sosna - Copy (3).jpg,0f0f07070fcb2829
derevo-sosna - Copy (4).jpg,0f0f07070fcb2829
derevo-sosna - Copy.jpg,0f0f07070fcb2829
derevo-sosna.jpg,0f0f07070fcb2829
derevo-yasen - Copy (2).jpg,cf8f8f1f1f1f0fca
derevo-yasen - Copy (3).jpg,cf8f8f1f1f1f0fca
derevo-yasen - Copy (4).jpg,cf8f8f1f1f1f0fca
derevo-yasen - Copy.jpg,cf8f8f1f1f1f0fca
derevo-yasen.jpg,cf8f8f1f1f1f0fca
derevo.jpg,0f17051913070f1f
derevo1 - Copy (2).jpg,fb1f17272b1fcf80
derevo1 - Copy (3).jpg,fb1f17272b1fcf80
derevo1 - Copy (4).jpg,fb1f17272b1fcf80
derevo1 - Copy.jpg,fb1f17272b1fcf80
derevo1.jpg,fb1f17272b1fcf80
derevo10 - Copy (2).png,0e070f0f0b0d0f0f
derevo10 - Copy (3).png,0e070f0f0b0d0f0f
derevo10 - Copy (4).png,0e070f0f0b0d0f0f
derevo10 - Copy.png,0e070f0f0b0d0f0f
derevo10.png,0e070f0f0b0d0f0f
derevo11 - Copy (2).jpg,fb1f17272b1fcf80
derevo11 - Copy (3).jpg,fb1f17272b1fcf80
derevo11 - Copy (4).jpg,fb1f17272b1fcf80
derevo11 - Copy.jpg,fb1f17272b1fcf80
derevo11.jpg,fb1f17272b1fcf80
derevo2 - Copy (2).jpg,fb1f17272b1fcf80
derevo2 - Copy (3).jpg,fb1f17272b1fcf80
derevo2 - Copy (4).jpg,fb1f17272b1fcf80
derevo2 - Copy.jpg,fb1f17272b1fcf80
derevo2.jpg,fb1f17272b1fcf80
derevo3 - Copy (2).jpg,7b1f17232b1fcf80
derevo3 - Copy (3).jpg,7b1f17232b1fcf80
derevo3 - Copy (4).jpg,7b1f17232b1fcf80
derevo3 - Copy.jpg,7b1f17232b1fcf80
derevo3.jpg,7b1f17232b1fcf80
derevo4 - Copy (2).jpg,fb1f17232b1fcf80
derevo4 - Copy (3).jpg,fb1f17232b1fcf80
derevo4 - Copy (4).jpg,fb1f17232b1fcf80
derevo4 - Copy.jpg,fb1f17232b1fcf80
derevo4.jpg,fb1f17232b1fcf80
derevo5 - Copy (2).png,0f276333f4060f0e
derevo5 - Copy (3).png,0f276333f4060f0e
derevo5 - Copy (4).png,0f276333f4060f0e
derevo5 - Copy.png,0f276333f4060f0e
derevo5.png,0f276333f4060f0e
derevo6 - Copy (2).png,06070713070f0f0f
derevo6 - Copy (3).png,06070713070f0f0f
derevo6 - Copy (4).png,06070713070f0f0f
derevo6 - Copy.png,06070713070f0f0f
derevo6.png,06070713070f0f0f
derevo7 - Copy (2).png,fb1f17232b1fcf80
derevo7 - Copy (3).png,fb1f17232b1fcf80
derevo7 - Copy (4).png,fb1f17232b1fcf80
derevo7 - Copy.png,fb1f17232b1fcf80
derevo7.png,fb1f17232b1fcf80
derevo8 - Copy (2).jpg,8a8f0f071b2f0f3c
derevo8 - Copy (3).jpg,8a8f0f071b2f0f3c
derevo8 - Copy (4).jpg,8a8f0f071b2f0f3c
derevo8 - Copy.jpg,8a8f0f071b2f0f3c
derevo8.jpg,8a8f0f071b2f0f3c
derevo9 - Copy (2).png,0f070f0f0b0f0f0f
derevo9 - Copy (3).png,0f070f0f0b0f0f0f
derevo9 - Copy (4).png,0f070f0f0b0f0f0f
derevo9 - Copy.png,0f070f0f0b0f0f0f
derevo9.png,0f070f0f0b0f0f0f
derevo_buddi - Copy (2).jpg,8d293377333b8f0f
derevo_buddi - Copy (3).jpg,8d293377333b8f0f
derevo_buddi - Copy (4).jpg,8d293377333b8f0f
derevo_buddi - Copy.jpg,8d293377333b8f0f
derevo_buddi.jpg,8d293377333b8f0f
derevo_shelkovicy - Copy (2).jpg,a58f8d9f9fddbf1f
derevo_shelkovicy - Copy (3).jpg,a58f8d9f9fddbf1f
derevo_shelkovicy - Copy (4).jpg,a58f8d9f9fddbf1f
derevo_shelkovicy - Copy.jpg,a58f8d9f9fddbf1f
derevo_shelkovicy.jpg,a58f8d9f9fddbf1f
derevo_s_bolshoi_kronoi_v_pole - Copy (2).jpg,1b1f1f1f3f1e1e1f
derevo_s_bolshoi_kronoi_v_pole - Copy (3).jpg,1b1f1f1f3f1e1e1f
derevo_s_bolshoi_kronoi_v_pole - Copy (4).jpg,1b1f1f1f3f1e1e1f
derevo_s_bolshoi_kronoi_v_pole - Copy.jpg,1b1f1f1f3f1e1e1f
derevo_s_bolshoi_kronoi_v_pole.jpg,1b1f1f1f3f1e1e1f
Dervo2 - Copy (2).jpeg,c9cd0d8f0eccecdc
Dervo2 - Copy (3).jpeg,c9cd0d8f0eccecdc
Dervo2 - Copy (4).jpeg,c9cd0d8f0eccecdc
Dervo2 - Copy.jpeg,c9cd0d8f0eccecdc
Dervo2.jpeg,c9cd0d8f0eccecdc
Fraxinus_excelsior_tree - Copy (2).jpg,0c8f03170b0fc3c7
Fraxinus_excelsior_tree - Copy (3).jpg,0c8f03170b0fc3c7
Fraxinus_excelsior_tree - Copy (4).jpg,0c8f03170b0fc3c7
Fraxinus_excelsior_tree - Copy.jpg,0c8f03170b0fc3c7
Fraxinus_excelsior_tree.jpg,0c8f03170b0fc3c7
kitaiskii_ieroglif_derevo - Copy (2).jpg,bc9cace4eccc8ee7
kitaiskii_ieroglif_derevo - Copy (3).jpg,bc9cace4eccc8ee7
kitaiskii_ieroglif_derevo - Copy (4).jpg,bc9cace4eccc8ee7
kitaiskii_ieroglif_derevo - Copy.jpg,bc9cace4eccc8ee7
kitaiskii_ieroglif_derevo.jpg,bc9cace4eccc8ee7
Letajuschee-derevo-8507 - Copy (2).jpg,f0e8e8c896e8f070
Letajuschee-derevo-8507 - Copy (3) - Copy.jpg,f0e8e8c896e8f070
Letajuschee-derevo-8507 - Copy (3).jpg,f0e8e8c896e8f070
Letajuschee-derevo-8507 - Copy (4) - Copy.jpg,f0e8e8c896e8f070
Letajuschee-derevo-8507 - Copy (4).jpg,f0e8e8c896e8f070
Letajuschee-derevo-8507 - Copy (5).jpg,f0e8e8c896e8f070
Letajuschee-derevo-8507 - Copy - Copy.jpg,f0e8e8c896e8f070
Letajuschee-derevo-8507 - Copy.jpg,f0e8e8c896e8f070
Letajuschee-derevo-8507.jpg,f0e8e8c896e8f070
mashina1 - Copy (10) - Copy.jpg,0000001e1f6d0303
mashina1 - Copy (10).jpg,0000001e1f6d0303
mashina1 - Copy (100) - Copy.jpg,0000001e1f6d0303
mashina1 - Copy (101) - Copy.jpg,0000001e1f6d0303
mashina1 - Copy (102) - Copy.jpg,0000001e1f6d0303
mashina1 - Copy (103) - Copy.jpg,0000001e1f6d0303
mashina1 - Copy (104) - Copy.jpg,0000001e1f6d0303
mashina1 - Copy (105) - Copy.jpg,0000001e1f6d0303
mashina1 - Copy (106) - Copy.jpg,0000001e1f6d0303
mashina1 - Copy (107) - Copy.jpg,0000001e1f6d0303
mashina1 - Copy (108) - Copy.jpg,0000001e1f6d0303
mashina1 - Copy (109) - Copy.jpg,0000001e1f6d0303
mashina1 - Copy (11) - Copy.jpg,0000001e1f6d0303
mashina1 - Copy (11).jpg,0000001e1f6d0303
mashina1 - Copy (12) - Copy.jpg,0000001e1f6d0303
mashina1 - Copy (12).jpg,0000001e1f6d0303
mashina1 - Copy (13) - Copy.jpg,0000001e1f6d0303
mashina1 - Copy (13).jpg,0000001e1f6d0303
mashina1 - Copy (14) - Copy.jpg,0000001e1f6d0303
mashina1 - Copy (14).jpg,0000001e1f6d0303
mashina1 - Copy (15) - Copy.jpg,0000001e1f6d0303
mashina1 - Copy (15).jpg,0000001e1f6d0303
mashina1 - Copy (16) - Copy.jpg,0000001e1f6d0303
mashina1 - Copy (16).jpg,0000001e1f6d0303
mashina1 - Copy (17) - Copy.jpg,0000001e1f6d0303
mashina1 - Copy (17).jpg,0000001e1f6d0303
mashina1 - Copy (18) - Copy.jpg,0000001e1f6d0303
mashina1 - Copy (18).jpg,0000001e1f6d0303
mashina1 - Copy (19) - Copy.jpg,0000001e1f6d0303
mashina1 - Copy (19).jpg,0000001e1f6d0303
mashina1 - Copy (2) - Copy.jpg,0000001e1f6d0303
mashina1 - Copy (2).jpg,0000001e1f6d0303
mashina1 - Copy (20) - Copy.jpg,0000001e1f6d0303
mashina1 - Copy (20).jpg,0000001e1f6d0303
mashina1 - Copy (21) - Copy.jpg,0000001e1f6d0303
mashina1 - Copy (21).jpg,0000001e1f6d0303
mashina1 - Copy (22) - Copy.jpg,0000001e1f6d0303
mashina1 - Copy (22).jpg,0000001e1f6d0303
mashina1 - Copy (23) - Copy.jpg,0000001e1f6d0303
mashina1 - Copy (23).jpg,0000001e1f6d0303
mashina1 - Copy (24) - Copy.jpg,0000001e1f6d0303
mashina1 - Copy (24).jpg,0000001e1f6d0303
mashina1 - Copy (25) - Copy.jpg,0000001e1f6d0303
mashina1 - Copy (25).jpg,0000001e1f6d0303
mashina1 - Copy (26) - Copy.jpg,0000001e1f6d0303
mashina1 - Copy (26).jpg,0000001e1f6d0303
mashina1 - Copy (27) - Copy.jpg,0000001e1f6d0303
mashina1 - Copy (27).jpg,0000001e1f6d0303
mashina1 - Copy (28) - Copy.jpg,0000001e1f6d0303
mashina1 - Copy (28).jpg,0000001e1f6d0303
mashina1 - Copy (29) - Copy.jpg,0000001e1f6d0303
mashina1 - Copy (29).jpg,0000001e1f6d0303
mashina1 - Copy (3) - Copy.jpg,0000001e1f6d0303
mashina1 - Copy (3).jpg,0000001e1f6d0303
mashina1 - Copy (30) - Copy.jpg,0000001e1f6d0303
mashina1 - Copy (30).jpg,0000001e1f6d0303
mashina1 - Copy (31) - Copy.jpg,0000001e1f6d0303
mashina1 - Copy (31).jpg,0000001e1f6d0303
mashina1 - Copy (32) - Copy.jpg,0000001e1f6d0303
mashina1 - Copy (32).jpg,0000001e1f6d0303
mashina1 - Copy (33) - Copy.jpg,0000001e1f6d0303
mashina1 - Copy (34) - Copy.jpg,0000001e1f6d0303
mashina1 - Copy (35) - Copy.jpg,0000001e1f6d0303
mashina1 - Copy (36) - Copy.jpg,0000001e1f6d0303
mashina1 - Copy (37) - Copy.jpg,0000001e1f6d0303
mashina1 - Copy (38) - Copy.jpg,0000001e1f6d0303
mashina1 - Copy (39) - Copy.jpg,0000001e1f6d0303
mashina1 - Copy (4) - Copy.jpg,0000001e1f6d0303
mashina1 - Copy (4).jpg,0000001e1f6d0303
mashina1 - Copy (40) - Copy.jpg,0000001e1f6d0303
mashina1 - Copy (41) - Copy.jpg,0000001e1f6d0303
mashina1 - Copy (42) - Copy.jpg,0000001e1f6d0303
mashina1 - Copy (43) - Copy.jpg,0000001e1f6d0303
mashina1 - Copy (44) - Copy.jpg,0000001e1f6d0303
mashina1 - Copy (45) - Copy.jpg,0000001e1f6d0303
mashina1 - Copy (46) - Copy.jpg,0000001e1f6d0303
mashina1 - Copy (47) - Copy.jpg,0000001e1f6d0303
mashina1 - Copy (48) - Copy.jpg,0000001e1f6d0303
mashina1 - Copy (49) - Copy.jpg,0000001e1f6d0303
mashina1 - Copy (5) - Copy.jpg,0000001e1f6d0303
mashina1 - Copy (5).jpg,0000001e1f6d0303
mashina1 - Copy (50) - Copy.jpg,0000001e1f6d0303
mashina1 - Copy (51) - Copy.jpg,0000001e1f6d0303
mashina1 - Copy (52) - Copy.jpg,0000001e1f6d0303
mashina1 - Copy (53) - Copy.jpg,0000001e1f6d0303
mashina1 - Copy (54) - Copy.jpg,0000001e1f6d0303
mashina1 - Copy (55) - Copy.jpg,0000001e1f6d0303
mashina1 - Copy (56) - Copy.jpg,0000001e1f6d0303
mashina1 - Copy (57) - Copy.jpg,0000001e1f6d0303
mashina1 - Copy (58) - Copy.jpg,0000001e1f6d0303
mashina1 - Copy (59) - Copy.jpg,0000001e1f6d0303
mashina1 - Copy (6) - Copy.jpg,0000001e1f6d0303
mashina1 - Copy (6).jpg,0000001e1f6d0303
mashina1 - Copy (60) - Copy.jpg,0000001e1f6d0303
mashina1 - Copy (61) - Copy.jpg,0000001e1f6d0303
mashina1 - Copy (62) - Copy.jpg,0000001e1f6d0303
mashina1 - Copy (63) - Copy.jpg,0000001e1f6d0303
mashina1 - Copy (64) - Copy.jpg,0000001e1f6d0303
mashina1 - Copy (65) - Copy.jpg,0000001e1f6d0303
mashina1 - Copy (66) - Copy.jpg,0000001e1f6d0303
mashina1 - Copy (67) - Copy.jpg,0000001e1f6d0303
mashina1 - Copy (68) - Copy.jpg,0000001e1f6d0303
mashina1 - Copy (69) - Copy.jpg,0000001e1f6d0303
mashina1 - Copy (7) - Copy.jpg,0000001e1f6d0303
mashina1 - Copy (7).jpg,0000001e1f6d0303
mashina1 - Copy (70) - Copy.jpg,0000001e1f6d0303
mashina1 - Copy (71) - Copy.jpg,0000001e1f6d0303
mashina1 - Copy (72) - Copy.jpg,0000001e1f6d0303
mashina1 - Copy (73) - Copy.jpg,0000001e1f6d0303
mashina1 - Copy (74) - Copy.jpg,0000001e1f6d0303
mashina1 - Copy (75) - Copy.jpg,0000001e1f6d0303
mashina1 - Copy (76) - Copy.jpg,0000001e1f6d0303
mashina1 - Copy (77) - Copy.jpg,0000001e1f6d0303
mashina1 - Copy (78) - Copy.jpg,0000001e1f6d0303
mashina1 - Copy (79) - Copy.jpg,0000001e1f6d0303
mashina1 - Copy (8) - Copy.jpg,0000001e1f6d0303
mashina1 - Copy (8).jpg,0000001e1f6d0303
mashina1 - Copy (80) - Copy.jpg,0000001e1f6d0303
mashina1 - Copy (81) - Copy.jpg,0000001e1f6d0303
mashina1 - Copy (82) - Copy.jpg,0000001e1f6d0303
mashina1 - Copy (83) - Copy.jpg,0000001e1f6d0303
mashina1 - Copy (84) - Copy.jpg,0000001e1f6d0303
mashina1 - Copy (85) - Copy.jpg,0000001e1f6d0303
mashina1 - Copy (86) - Copy.jpg,0000001e1f6d0303
mashina1 - Copy (87) - Copy.jpg,0000001e1f6d0303
mashina1 - Copy (88) - Copy.jpg,0000001e1f6d0303
mashina1 - Copy (89) - Copy.jpg,0000001e1f6d0303
mashina1 - Copy (9) - Copy.jpg,0000001e1f6d0303
mashina1 - Copy (9).jpg,0000001e1f6d0303
mashina1 - Copy (90) - Copy.jpg,0000001e1f6d0303
mashina1 - Copy (91) - Copy.jpg,0000001e1f6d0303
mashina1 - Copy (92) - Copy.jpg,0000001e1f6d0303
mashina1 - Copy (93) - Copy.jpg,0000001e1f6d0303
mashina1 - Copy (94) - Copy.jpg,0000001e1f6d0303
mashina1 - Copy (95) - Copy.jpg,0000001e1f6d0303
mashina1 - Copy (96) - Copy.jpg,0000001e1f6d0303
mashina1 - Copy (97) - Copy.jpg,0000001e1f6d0303
mashina1 - Copy (98) - Copy.jpg,0000001e1f6d0303
mashina1 - Copy (99) - Copy.jpg,0000001e1f6d0303
mashina1 - Copy - Copy (2) - Copy.jpg,0000001e1f6d0303
mashina1 - Copy - Copy (2).jpg,0000001e1f6d0303
mashina1 - Copy - Copy (3).jpg,0000001e1f6d0303
mashina1 - Copy - Copy (4).jpg,0000001e1f6d0303
mashina1 - Copy - Copy.jpg,0000001e1f6d0303
mashina1 - Copy.jpg,0000001e1f6d0303
mashina1.jpg,0000001e1f6d0303
Nature_Fields_Tree_in_field_023992_ - Copy (2).jpg,e2e3a3e333f0e0e0
Nature_Fields_Tree_in_field_023992_ - Copy (3).jpg,e2e3a3e333f0e0e0
Nature_Fields_Tree_in_field_023992_ - Copy (4).jpg,e2e3a3e333f0e0e0
Nature_Fields_Tree_in_field_023992_ - Copy.jpg,e2e3a3e333f0e0e0
Nature_Fields_Tree_in_field_023992_.jpg,e2e3a3e333f0e0e0
Treasure_Tree_Adam - Copy (2).png,bf1b1f1a9b191f1f
Treasure_Tree_Adam - Copy (3).png,bf1b1f1a9b191f1f
Treasure_Tree_Adam - Copy (4).png,bf1b1f1a9b191f1f
Treasure_Tree_Adam - Copy.png,bf1b1f1a9b191f1f
Treasure_Tree_Adam.png,bf1b1f1a9b191f1f
tree-003 - Copy (2).jpg,e464e4e4ab80b0a4
tree-003 - Copy (3).jpg,e464e4e4ab80b0a4
tree-003 - Copy (4).jpg,e464e4e4ab80b0a4
tree-003 - Copy.jpg,e464e4e4ab80b0a4
tree-003.jpg,e464e4e4ab80b0a4
tree-1056598_960_720 - Copy (2).jpg,e2e3e3e3e3e3e0e0
tree-1056598_960_720 - Copy (3).jpg,e2e3e3e3e3e3e0e0
tree-1056598_960_720 - Copy (4).jpg,e2e3e3e3e3e3e0e0
tree-1056598_960_720 - Copy.jpg,e2e3e3e3e3e3e0e0
tree-1056598_960_720.jpg,e2e3e3e3e3e3e0e0
tree-840970_960_720 - Copy (2).jpg,3e3d3c181b2030f1
tree-840970_960_720 - Copy (3).jpg,3e3d3c181b2030f1
tree-840970_960_720 - Copy (4).jpg,3e3d3c181b2030f1
tree-840970_960_720 - Copy.jpg,3e3d3c181b2030f1
tree-840970_960_720.jpg,3e3d3c181b2030f1
tree-wedding - Copy (2).jpeg,e4c4968e8ecececc
tree-wedding - Copy (3).jpeg,e4c4968e8ecececc
tree-wedding - Copy (4).jpeg,e4c4968e8ecececc
tree-wedding - Copy.jpeg,e4c4968e8ecececc
tree-wedding.jpeg,e4c4968e8ecececc
tree_PNG230 - Copy (2).png,1e1f0f1d0f0e0c0c
tree_PNG230 - Copy (3).png,1e1f0f1d0f0e0c0c
tree_PNG230 - Copy (4).png,1e1f0f1d0f0e0c0c
tree_PNG230 - Copy.png,1e1f0f1d0f0e0c0c
tree_PNG230.png,1e1f0f1d0f0e0c0c
vyaz_tree_01 - Copy (2).jpg,0747678b8f8ec783
vyaz_tree_01 - Copy (3).jpg,0747678b8f8ec783
vyaz_tree_01 - Copy (4).jpg,0747678b8f8ec783
vyaz_tree_01 - Copy.jpg,0747678b8f8ec783
vyaz_tree_01.jpg,0747678b8f8ec783
дерево жизни на закате - Copy (2).jpg,f0c81c9f0f354938
дерево жизни на закате - Copy (3).jpg,f0c81c9f0f354938
дерево жизни на закате - Copy (4).jpg,f0c81c9f0f354938
дерево жизни на закате - Copy.jpg,f0c81c9f0f354938
дерево жизни на закате.jpg,f0c81c9f0f354938
